System,Device,Gloabl_Batch_Size,No.Processes,No.Nodes,Dataset_Size,Through_Put
cirrus,cpu,128,64,64,781,1.0479112929174446
cirrus,cuda,128,16,4,781,0.3558253094115117
cirrus,cuda,128,8,2,781,0.4897929837548015
cirrus,cuda,128,4,1,781,0.9509339082256322
cirrus,cuda,128,32,8,781,0.3404731701644526
cirrus,cuda,1024,32,8,97,1.282251102408183
