System,Device,Gloabl_Batch_Size,No.Processes,No.Nodes,Dataset_Size,Through_Put
archer2,cpu,4096,32,32,100000,201.1837158203125
archer2,cpu,2048,16,16,100000,104.57008361816406
archer2,cpu,1024,16,16,100000,67.03385162353516
archer2,cpu,1024,8,8,100000,53.50244903564453
archer2,cpu,1024,32,32,100000,81.35586547851562
cirrus,cpu,1024,8,8,100000,53.946441650390625
cirrus,cpu,512,4,4,100000,28.552396774291992
cirrus,cpu,1024,4,4,100000,30.998809814453125
